{
  "version": 1,
  "author": "Smit Gulhane",
  "editor": "wokwi",
  "parts": [
    { "type": "board-esp32-devkit-c-v4", "id": "esp", "top": 0, "left": 0, "attrs": {} },
    { "type": "wokwi-potentiometer", "id": "pot1", "top": -106.9, "left": 278.2, "attrs": {} },
    { "type": "wokwi-led", "id": "led1", "top": -186, "left": 32.6, "attrs": { "color": "red" } },
    {
      "type": "wokwi-resistor",
      "id": "r1",
      "top": -120.85,
      "left": -67.2,
      "attrs": { "value": "220" }
    },
    {
      "type": "wokwi-resistor",
      "id": "r2",
      "top": -149.65,
      "left": -67.2,
      "attrs": { "value": "220" }
    },
    {
      "type": "wokwi-resistor",
      "id": "r3",
      "top": -92.05,
      "left": -67.2,
      "attrs": { "value": "220" }
    },
    {
      "type": "wokwi-led",
      "id": "led2",
      "top": -186,
      "left": 128.6,
      "attrs": { "color": "blue" }
    },
    {
      "type": "wokwi-led",
      "id": "led3",
      "top": -186,
      "left": 80.6,
      "attrs": { "color": "green" }
    },
    {
      "type": "wokwi-buzzer",
      "id": "bz1",
      "top": 69.6,
      "left": -238.2,
      "attrs": { "volume": "0.1" }
    },
    {
      "type": "board-ssd1306",
      "id": "oled1",
      "top": 99.14,
      "left": 144.23,
      "attrs": { "i2cAddress": "0x3c" }
    }
  ],
  "connections": [
    [ "esp:TX", "$serialMonitor:RX", "", [] ],
    [ "esp:RX", "$serialMonitor:TX", "", [] ],
    [ "pot1:GND", "esp:GND.2", "black", [ "v9.6", "h-172.8" ] ],
    [ "pot1:VCC", "esp:5V", "red", [ "v230.4", "h-279.2" ] ],
    [ "led1:C", "r2:2", "green", [ "v0" ] ],
    [ "led3:C", "r1:2", "green", [ "v0" ] ],
    [ "led2:C", "r3:2", "green", [ "v0" ] ],
    [ "led1:A", "esp:18", "green", [ "v105.6", "h67.2", "v144" ] ],
    [ "led3:A", "esp:19", "green", [ "v230.4", "h9.6" ] ],
    [ "r2:1", "esp:GND.1", "green", [ "v0", "h-86.4", "v297.6" ] ],
    [ "r1:1", "esp:GND.1", "green", [ "v0", "h-57.6", "v268.8" ] ],
    [ "r3:1", "esp:GND.1", "green", [ "v0", "h-28.8", "v240" ] ],
    [ "bz1:1", "esp:GND.1", "green", [ "v0" ] ],
    [ "oled1:GND", "esp:GND.3", "black", [ "v0" ] ],
    [ "oled1:VCC", "esp:3V3", "red", [ "v-19.2", "h-431.85", "v240" ] ],
    [ "led2:A", "esp:23", "green", [ "v0" ] ],
    [ "oled1:SDA", "esp:21", "green", [ "v-67.2", "h-182.33", "v326.4" ] ],
    [ "oled1:SCL", "esp:22", "green", [ "v-48", "h-143.7", "v288" ] ],
    [ "pot1:SIG", "esp:33", "green", [ "v259.2", "h-298", "v-163.2" ] ],
    [ "bz1:2", "esp:5", "green", [ "v0" ] ]
  ],
  "dependencies": {}
}